example_id,source,row_axes,column_axes,cells,json,html,overlay
3e4cd12a___table_0,ground_truth,8,3,17,/home/meeran/thesis_data/logical_structure_poc/json/3e4cd12a___table_0_ground_truth_logical_structure.json,/home/meeran/thesis_data/logical_structure_poc/html/3e4cd12a___table_0_ground_truth_logical_grid.html,/home/meeran/thesis_data/logical_structure_poc/overlays/3e4cd12a___table_0_ground_truth_logical_overlay.png
3e4cd12a___table_0,yolov10_v2,7,2,16,/home/meeran/thesis_data/logical_structure_poc/json/3e4cd12a___table_0_yolov10_v2_logical_structure.json,/home/meeran/thesis_data/logical_structure_poc/html/3e4cd12a___table_0_yolov10_v2_logical_grid.html,/home/meeran/thesis_data/logical_structure_poc/overlays/3e4cd12a___table_0_yolov10_v2_logical_overlay.png
3e4cd12a___table_0,yolov8_v2,8,4,18,/home/meeran/thesis_data/logical_structure_poc/json/3e4cd12a___table_0_yolov8_v2_logical_structure.json,/home/meeran/thesis_data/logical_structure_poc/html/3e4cd12a___table_0_yolov8_v2_logical_grid.html,/home/meeran/thesis_data/logical_structure_poc/overlays/3e4cd12a___table_0_yolov8_v2_logical_overlay.png
f2b794ad___table_0,ground_truth,7,8,9,/home/meeran/thesis_data/logical_structure_poc/json/f2b794ad___table_0_ground_truth_logical_structure.json,/home/meeran/thesis_data/logical_structure_poc/html/f2b794ad___table_0_ground_truth_logical_grid.html,/home/meeran/thesis_data/logical_structure_poc/overlays/f2b794ad___table_0_ground_truth_logical_overlay.png
f2b794ad___table_0,yolov10_v2,4,2,17,/home/meeran/thesis_data/logical_structure_poc/json/f2b794ad___table_0_yolov10_v2_logical_structure.json,/home/meeran/thesis_data/logical_structure_poc/html/f2b794ad___table_0_yolov10_v2_logical_grid.html,/home/meeran/thesis_data/logical_structure_poc/overlays/f2b794ad___table_0_yolov10_v2_logical_overlay.png
f2b794ad___table_0,yolov8_v2,11,38,16,/home/meeran/thesis_data/logical_structure_poc/json/f2b794ad___table_0_yolov8_v2_logical_structure.json,/home/meeran/thesis_data/logical_structure_poc/html/f2b794ad___table_0_yolov8_v2_logical_grid.html,/home/meeran/thesis_data/logical_structure_poc/overlays/f2b794ad___table_0_yolov8_v2_logical_overlay.png
080f9182___table_0,ground_truth,3,4,10,/home/meeran/thesis_data/logical_structure_poc/json/080f9182___table_0_ground_truth_logical_structure.json,/home/meeran/thesis_data/logical_structure_poc/html/080f9182___table_0_ground_truth_logical_grid.html,/home/meeran/thesis_data/logical_structure_poc/overlays/080f9182___table_0_ground_truth_logical_overlay.png
080f9182___table_0,yolov10_v2,2,7,8,/home/meeran/thesis_data/logical_structure_poc/json/080f9182___table_0_yolov10_v2_logical_structure.json,/home/meeran/thesis_data/logical_structure_poc/html/080f9182___table_0_yolov10_v2_logical_grid.html,/home/meeran/thesis_data/logical_structure_poc/overlays/080f9182___table_0_yolov10_v2_logical_overlay.png
080f9182___table_0,yolov8_v2,4,8,9,/home/meeran/thesis_data/logical_structure_poc/json/080f9182___table_0_yolov8_v2_logical_structure.json,/home/meeran/thesis_data/logical_structure_poc/html/080f9182___table_0_yolov8_v2_logical_grid.html,/home/meeran/thesis_data/logical_structure_poc/overlays/080f9182___table_0_yolov8_v2_logical_overlay.png
14abeab8___table_0,ground_truth,11,4,44,/home/meeran/thesis_data/logical_structure_poc/json/14abeab8___table_0_ground_truth_logical_structure.json,/home/meeran/thesis_data/logical_structure_poc/html/14abeab8___table_0_ground_truth_logical_grid.html,/home/meeran/thesis_data/logical_structure_poc/overlays/14abeab8___table_0_ground_truth_logical_overlay.png
14abeab8___table_0,yolov10_v2,5,1,40,/home/meeran/thesis_data/logical_structure_poc/json/14abeab8___table_0_yolov10_v2_logical_structure.json,/home/meeran/thesis_data/logical_structure_poc/html/14abeab8___table_0_yolov10_v2_logical_grid.html,/home/meeran/thesis_data/logical_structure_poc/overlays/14abeab8___table_0_yolov10_v2_logical_overlay.png
14abeab8___table_0,yolov8_v2,41,4,46,/home/meeran/thesis_data/logical_structure_poc/json/14abeab8___table_0_yolov8_v2_logical_structure.json,/home/meeran/thesis_data/logical_structure_poc/html/14abeab8___table_0_yolov8_v2_logical_grid.html,/home/meeran/thesis_data/logical_structure_poc/overlays/14abeab8___table_0_yolov8_v2_logical_overlay.png
