Model,Class,GT boxes,Pred boxes,Precision@0.50,Recall@0.50,F1@0.50,Mean matched IoU,Median matched IoU
YOLOv8 v2,Row,112,169,0.627,0.946,0.754,0.794,0.787
YOLOv8 v2,Column,75,121,0.537,0.867,0.663,0.838,0.832
YOLOv8 v2,Cell,268,288,0.840,0.903,0.871,0.906,0.942
YOLOv8 v2,Header-Row,14,23,0.565,0.929,0.703,0.819,0.809
YOLOv8 v2,Spanning-Cell,6,0,0.000,0.000,0.000,0.000,0.000
YOLOv10 v2,Row,112,98,0.878,0.768,0.819,0.801,0.791
YOLOv10 v2,Column,75,69,0.870,0.800,0.833,0.829,0.837
YOLOv10 v2,Cell,268,294,0.796,0.873,0.833,0.899,0.946
YOLOv10 v2,Header-Row,14,16,0.750,0.857,0.800,0.841,0.873
YOLOv10 v2,Spanning-Cell,6,0,0.000,0.000,0.000,0.000,0.000
TATR v2 @ 0.40,Row,112,76,0.671,0.455,0.543,0.823,0.863
TATR v2 @ 0.40,Column,75,98,0.633,0.827,0.717,0.816,0.880
TATR v2 @ 0.40,Cell,268,0,0.000,0.000,0.000,0.000,0.000
TATR v2 @ 0.40,Header-Row,14,12,1.000,0.857,0.923,0.884,0.915
TATR v2 @ 0.40,Spanning-Cell,6,1,0.000,0.000,0.000,0.000,0.000
Nemotron v2 @ 0.25,Row,112,125,0.856,0.955,0.903,0.879,0.917
Nemotron v2 @ 0.25,Column,75,126,0.548,0.920,0.687,0.910,0.931
Nemotron v2 @ 0.25,Cell,268,386,0.630,0.907,0.743,0.907,0.934
Nemotron v2 @ 0.25,Header-Row,14,0,0.000,0.000,0.000,0.000,0.000
Nemotron v2 @ 0.25,Spanning-Cell,6,0,0.000,0.000,0.000,0.000,0.000
